<?xml version="1.0" encoding="UTF-8"?>
<configuration>
    <property name="LOG_HOME" value="/opt/module/applog/log" />
    <appender name="console" class="ch.qos.logback.core.ConsoleAppender">
        <target>System.out</target>
        <encoder>
            <pattern>%msg%n</pattern>
        </encoder>
    </appender>

    <appender name="console_em" class="ch.qos.logback.core.ConsoleAppender">
        <target>System.err</target>
        <encoder>
            <pattern>%msg%n</pattern>
        </encoder>
    </appender>

    <appender name="rollingFile" class="ch.qos.logback.core.rolling.RollingFileAppender">
        <file>${LOG_HOME}/app.log</file>
        <rollingPolicy class="ch.qos.logback.core.rolling.TimeBasedRollingPolicy">
            <fileNamePattern>${LOG_HOME}/app.%d{yyyy-MM-dd}.log</fileNamePattern>
        </rollingPolicy>
        <encoder>
            <pattern>%msg%n</pattern>
        </encoder>
    </appender>

    <!-- 将某一个包下日志单独打印日志 -->
    <logger name="com.atguigu.mock.util.LogUtil"
            level="INFO" additivity="false">
          <appender-ref ref="rollingFile" />
    </logger>
    <logger name="com.atguigu.gmallre.mock.task.UserMockTask" level="INFO" additivity="false" >
        <appender-ref ref="console_em" />
    </logger>


    <root level="error"  >
       <appender-ref ref="console_em" />
    </root>
</configuration>
